{"test_batches":[0,10,19],"train_loss":[[82.05908203125,83.08082580566406,66.13862609863281,42.351593017578125,32.899871826171875,36.6905403137207,37.47711944580078,26.28864097595215,42.308780670166016,29.32762908935547,21.823047637939453,31.22786521911621,28.510055541992188,29.48484992980957,19.7453670501709,33.567073822021484,23.047080993652344,25.04044532775879,23.339157104492188,26.65875244140625]],"test_loss":[[62.82453536987305,51.51349639892578,47.053306579589844]],"train_dice":[[0.0,0.0,0.005075325475356276,0.0,0.0,0.0,0.0006968357948812829,0.0,0.008959524701103507,0.0015910241701732413,0.0,0.0,0.0,0.024934511794409496,0.0,0.010312131735057538,0.0017325772996025976,0.0,0.0,0.0]],"test_dice":[[0.01261158913070596,0.02139084972853983,0.02878086948369673]],"ensemble_dice":[0.01261158913070596,0.02139084972853983,0.02878086948369673]}